participant,start_time,end_time,duration,reps,exercise,pose_valid,pose_frames,pose_movement_mean,pose_movement_std,pose_range_mean,pose_range_max,pose_stability_proxy
w00,4040,4500,460,10,squats,1,460,10.624055265356745,13.800021716073072,1125.1550992656892,2004.1618921877189,7.16458750608942
w00,5435,5928,493,10,squats,1,493,5.9148195429868,8.78590968252982,971.7388477815416,1447.0760989039536,4.242137761845562
w00,7200,7685,485,10,squats,1,485,23.47404831531208,27.291300748307105,1248.176050957902,1869.795261480432,14.174119851260995
w00,8770,9197,427,11,pushups,1,427,2.8875125204245973,2.470769310838451,136.42375212787027,737.8536440243417,2.021300329022665
w00,11160,11586,426,10,pushups,1,426,13.28676659281414,12.600442061745358,534.1072968055535,968.6138492581764,10.560350782513668
w00,13620,14000,380,10,pushups,1,380,12.83418098142408,10.70349282124118,370.9116772922066,656.4472560686045,10.346115967683968
w00,15034,15545,511,10,dumbbell_shoulder_press,1,511,2.3304990748735723,3.069221141323406,109.37502320442329,883.3459118601274,1.8580175158845853
w00,17570,18127,557,10,dumbbell_shoulder_press,1,557,14.557544207287016,16.2891668865643,1045.5663241860746,1455.4144201817423,10.737760130764176
w00,20482,20908,426,9,dumbbell_shoulder_press,1,426,5.709912235642187,6.276162604845528,297.2468027788302,736.1215932167728,3.7934051311066392
w00,22147,22990,843,10,lunges,1,843,11.53870987719025,12.51058616397588,1276.1206502524908,2139.785039895788,8.015689920587624
w00,25391,26226,835,10,lunges,1,835,15.853191644111282,15.004736581890365,976.9052690940975,1444.5303735124437,11.774083056335364
w00,29277,30156,879,10,lunges,1,879,6.768569998768364,8.039501194598937,561.4299887772461,1520.7406090454742,4.381445476318306
w00,31680,32205,525,11,dumbbell_rows,1,525,4.841605834261107,8.715107933008028,504.6007883319773,956.985720744262,3.113383081517026
w00,34605,35060,455,10,dumbbell_rows,1,455,16.443710955506642,20.494975056268974,1227.5759314601714,1670.0888311200574,12.003303463415842
w00,38000,38500,500,11,dumbbell_rows,1,500,25.051016427348028,24.102928053535265,668.3763461005785,1154.4427470141895,20.26552853513293
w00,39430,39994,564,10,situps,1,564,4.466823573481489,6.330622975327861,226.16231117722572,975.144604661278,3.264881913199117
w00,42068,42630,562,10,situps,1,562,9.68291263208384,9.260257199781302,492.5440164456497,971.6805030461402,8.180652058143998
w00,44223,44850,627,10,situps,1,627,2.2645247476715435,2.5675284981818773,126.99419558493888,1084.2638055381171,1.7870769256414716
w00,46229,46625,396,10,tricep_extensions,1,396,13.65033360024623,14.476229571925014,986.9392052144055,1626.343881568351,9.293202700306423
w00,47389,47712,323,10,tricep_extensions,1,323,6.40268808663625,6.497242496855519,322.3563377797748,587.1172778722823,4.376207807148084
w00,49341,49663,322,10,tricep_extensions,1,322,14.007753580365806,15.97407282354814,987.1539567754388,1768.291106025311,10.709279202004012
w00,50955,51469,514,10,bicep_curls,1,514,11.098320914840468,13.901049017131776,530.7581979500927,1037.179451809689,7.746337944035749
w00,52054,52528,474,10,bicep_curls,1,474,2.5819902099079552,3.411253072395432,108.75682814821089,819.2600319800789,2.0018987265121653
w00,52966,53405,439,10,bicep_curls,1,439,2.85945314166034,3.424742367143092,111.16541269166784,758.6382537151683,2.2282584695222307
w00,54880,55303,423,10,lateral_shoulder_raises,1,423,2.8977262908413355,3.3358021748495013,104.69592301318134,730.9254407940662,2.336137199681526
w00,57634,58061,427,10,lateral_shoulder_raises,1,427,8.160168570680701,9.280286364507749,570.7321772416908,1075.3813849780663,5.423439243681352
w00,59858,60277,419,10,lateral_shoulder_raises,1,419,5.297169786626875,5.8065445260274045,353.1274988885928,790.8851255712246,3.3219342570701733
w00,61147,61432,285,11,jumping_jacks,1,285,9.61335306781285,9.291691461871658,401.2696116438196,803.9426947665147,6.333716093583344
w01,2113,2598,485,10,squats,1,485,4.595394794783247,5.973258198739504,310.80187189968586,838.3125908633366,2.8635124122533364
w01,3210,3737,527,10,squats,1,527,17.583904132495093,19.189737348293693,681.926898556086,953.9293072744086,12.481737460154417
w01,5086,5615,529,10,squats,1,529,5.256311160330958,5.905480999196738,409.2193549468884,914.5228263963672,3.704592091173083
w01,11960,12316,356,10,pushups,1,356,5.791429198114665,5.064683308714967,303.8874608687451,614.8780366869514,4.11538099066181
w01,15150,15604,454,10,pushups,1,454,5.473750951355813,5.750308365079391,315.3661613201432,784.6190158287014,3.706788142752995
w01,18065,18545,480,10,pushups,1,480,11.23509048758605,17.763827509564234,961.721570790746,1297.8419580003958,7.449510805470489
w01,20509,21307,798,11,dumbbell_shoulder_press,1,798,20.90999528704412,62.10145316479588,959.10716493647,1418.577690537556,13.768768952496297
w01,21864,22424,560,10,dumbbell_shoulder_press,1,560,14.505617071518206,20.122986185302302,906.3304147952168,1402.5483339930304,9.821298354973514
w01,22819,23491,672,11,dumbbell_shoulder_press,1,672,15.908234092708172,16.431971044365174,1090.0292194743224,1801.1898277814266,11.787099849726085
w01,24360,25215,855,10,lunges,1,855,4.116286513203913,4.752739239373771,386.3660064878006,1479.1713896638212,2.8357462095257837
w01,29060,29765,705,10,lunges,1,705,4.056758729475653,4.855714250309006,317.8034210131844,1219.3637685284896,2.791936468383012
w01,33364,34129,765,10,lunges,1,765,15.180272803733192,16.933539043302222,815.886298444099,1458.0212120569756,12.863751647895809
w01,34650,35244,594,10,situps,1,594,17.576327291764557,17.79628208914267,546.0787918837894,1027.1061288883443,14.962830285058969
w01,35503,36070,567,10,situps,1,567,10.358019245514017,10.7289865706829,939.4383126651226,1512.3844989503032,7.676500253185531
w01,36684,37260,576,10,situps,1,576,11.688945455272783,15.401758021015684,1046.378996638526,1727.347789359586,8.289509353200824
w01,37940,38553,613,10,dumbbell_rows,1,613,11.149977824474629,14.935103084062687,1093.7133172838164,1870.2003954917725,7.63346063366557
w01,39171,39797,626,10,dumbbell_rows,1,626,3.8502781796470167,4.814076313371135,384.2087125351277,1082.5317547305483,2.585009523889174
w01,40294,40914,620,10,dumbbell_rows,1,620,4.163008835228403,5.469626885359059,358.96597741048595,1072.139449885135,2.689054621548911
w01,46449,46981,532,10,dumbbell_rows,1,532,8.377209253193124,9.478604476804492,691.4796780181109,919.718978819074,6.09208942747762
w01,47520,48160,640,10,tricep_extensions,1,640,8.631195350689984,14.712899942067226,635.4251624058056,1106.7804660365125,6.856662573895131
w01,49681,50310,629,10,tricep_extensions,1,629,4.070836360605069,5.655299904225809,234.72795700515496,1087.727907153255,3.0952323548327296
w01,52658,53302,644,10,tricep_extensions,1,644,7.358512352869473,8.285593014901442,558.0662010447298,1113.708669266788,4.714185441923339
w01,53815,54368,553,10,tricep_extensions,1,553,4.190926824735969,4.786359981128511,344.88779238027126,956.0920457780204,2.722055008312994
w01,54733,55237,504,10,bicep_curls,1,504,2.947924641658381,4.109281069772823,274.5478479642627,871.2215562071452,1.938392544538464
w01,63019,63514,495,10,bicep_curls,1,495,7.237919966515231,9.124640574099052,789.2579849976445,1081.0294460951727,5.451987886865051
w01,64099,64584,485,10,bicep_curls,1,485,8.818276590564349,10.966475613313095,580.0286174388243,1133.5250998387562,6.633716136118004
w01,65618,66249,631,10,lateral_shoulder_raises,1,631,3.717951269073696,4.5569669985417445,434.74054711458456,1091.1920087683927,2.727920812728952
w01,68735,69542,807,11,lateral_shoulder_raises,1,807,8.078570569064652,11.191725798531069,640.0867110842061,1396.032950900515,5.951223704698384
w01,71282,71944,662,10,lateral_shoulder_raises,1,662,22.16824233166937,26.09000006912544,702.5091887258823,1265.7439415795338,15.52712229926288
w01,72751,73157,406,10,jumping_jacks,1,406,10.7754910317101,10.135923424795063,612.5511680564663,905.4463484148343,7.025232817081138
w02,2495,3144,649,10,squats,1,649,14.88038647565044,16.41898709081003,621.6762314567111,1122.3689233046323,10.79313321301647
w02,3520,4182,662,10,squats,1,662,17.025003785785024,18.803691868515312,1188.0116676866148,1737.1588523909538,9.9793681636955
w02,5109,5770,661,10,squats,1,661,12.902128832351853,15.192230459320278,1233.9407795941213,1796.7024030118553,7.608138138682205
w02,6238,6705,467,10,pushups,1,467,4.269727849803337,5.250410417200737,294.3315429584346,807.1356763270968,2.890257639471987
w02,7984,8433,449,10,pushups,1,449,8.304734328230401,10.158471010520463,1069.8174586834346,1847.8297274388208,5.998535727030276
w02,10958,11370,412,10,pushups,1,412,4.29124343190668,5.131293446734688,284.17912800800764,711.8728819108086,2.8695822363356087
w02,16302,17074,772,10,dumbbell_shoulder_press,1,772,3.5611553766114485,5.528531411418815,486.6873699395884,1335.4111726356043,2.60322211368477
w02,19903,20615,712,10,dumbbell_shoulder_press,1,712,9.187330034439924,8.495394999208466,573.9097710253914,1231.4881241814717,7.04747936153071
w02,22550,23283,733,10,dumbbell_shoulder_press,1,733,5.61956056186445,6.475673899135063,512.8484914715333,1267.8611911404182,3.887743828085939
w02,24072,24865,793,10,lunges,1,793,5.671129162129287,8.361254962986065,861.3044349079244,1482.5803494771928,4.271902349609006
w02,27535,28379,844,10,lunges,1,844,10.035692379426012,12.13406373559239,1004.9822407513108,1626.3587149848863,7.534861814909601
w02,29067,29919,852,10,lunges,1,852,6.972921525896777,6.968027582183945,422.10666848726106,1473.9752372411149,4.7872871556263314
w02,30615,31184,569,10,dumbbell_rows,1,569,4.829700219750852,5.7182454376239376,378.8062224217053,983.8048586991224,3.252309608868564
w02,34467,34984,517,10,dumbbell_rows,1,517,10.125442327201627,10.009902509026244,517.1931470785526,893.7382167055407,7.911177772167376
w02,37062,37542,480,10,dumbbell_rows,1,480,9.16705593172231,12.95257378055554,639.6796585334625,1327.2850342110817,7.16197213051419
w02,39873,40690,817,10,situps,1,817,2.0276509103573384,2.379130156514215,200.51343018469456,1413.353458976204,1.394085897741551
w02,41223,42110,887,10,situps,1,887,1.8505550352942803,2.16329700152069,202.22460203014109,1534.5970155060252,1.1733704237067168
w02,47206,48112,906,10,situps,1,906,3.5779027559871883,5.084562180298254,368.1322137363379,1567.505980849834,2.4020605195006133
w02,51038,51697,659,10,tricep_extensions,1,659,3.3981380596597504,5.174047671454763,316.5044675223493,1139.6894313803214,2.612820970590046
w02,56994,57576,582,9,tricep_extensions,1,582,6.722288444305412,9.232756697244646,601.3389330695721,1030.8556132353135,4.106421317578255
w02,58730,59292,562,10,tricep_extensions,1,562,8.862654973843318,11.041510215276404,889.74078822297,1598.4567881377875,6.301063813825339
w02,59663,60253,590,10,bicep_curls,1,590,8.585356972617035,11.332257510957232,893.1419048050747,1570.8301525720822,6.105954136994826
w02,60918,61508,590,10,bicep_curls,1,590,7.051022605694743,9.23999786562723,726.0753349009874,1020.1779256580688,5.213837986256898
w02,62391,62975,584,10,bicep_curls,1,584,6.980782183732938,8.157816396903607,579.0451845591219,1138.7592786350688,4.74189688560648
w02,64065,65049,984,10,lateral_shoulder_raises,1,984,3.7746352481712337,5.61849533763201,497.45907066732406,1702.6059438402065,2.653963398682693
w02,67901,68815,914,10,lateral_shoulder_raises,1,914,8.780998231746722,9.73132590976948,605.7791547344567,1581.362387310385,5.674665314068353
w02,70289,71241,952,10,lateral_shoulder_raises,1,952,7.0415159786789,7.271462324422673,408.9848982753534,1647.1803179980022,4.782331727800018
w02,71833,72150,317,10,jumping_jacks,1,317,2.827581798545816,3.512889500038688,175.84618537135236,547.3280551917652,1.9564893685575249
w03,3803,4301,498,10,squats,1,498,29.77763820507257,39.29745976670467,1149.668382683852,1540.9662836262703,15.975426491512854
w03,4708,5200,492,10,squats,1,492,5.906504999584649,6.592710559980018,318.03913623574897,850.4369465163187,3.998229803222483
w03,5575,6053,478,10,squats,1,478,4.729982085728585,4.960068734953793,263.8056300035944,826.1882352103545,3.2984330607105985
w03,6384,6852,468,10,pushups,1,468,3.67173942479764,3.285958179859707,157.2725030367168,808.8677271346656,2.5936340850839232
w03,13510,14006,496,10,pushups,1,496,6.708926078092366,8.646692411770394,663.3507936029682,1057.0704551540036,4.688602265611985
w03,15224,15674,450,10,pushups,1,450,11.054047796036404,17.11358617250104,558.2394581926602,1097.1322437303218,7.893161194984056
w03,18054,18612,558,10,dumbbell_shoulder_press,1,558,14.120759534412915,15.832871711200127,1072.4258006533034,1509.5697017109255,8.760619692369003
w03,20140,20723,583,10,dumbbell_shoulder_press,1,583,10.673637288577291,13.243853702035016,968.2453364661268,1301.2634984682531,6.76218417148159
w03,21843,22408,565,10,dumbbell_shoulder_press,1,565,11.530281981229791,13.749909366545635,1029.3156303839348,1626.3598711441148,8.441531090434909
w03,24345,25130,785,10,lunges,1,785,17.378977150295217,18.082729557096577,1075.4908215116482,1523.504573209877,12.64363831137544
w03,26046,26831,785,10,lunges,1,785,13.303096614000276,16.22484968860779,1147.698235856892,1651.186940770021,9.936413680715866
w03,27337,28126,789,10,lunges,1,789,9.210468262271672,8.953566798848366,758.5929013105817,1364.8560363642753,6.2503541075834335
w03,28813,29356,543,10,dumbbell_rows,1,543,10.849911429889566,13.814912154846343,1016.6447083720066,1655.119108097755,7.596935099539276
w03,29953,30487,534,10,dumbbell_rows,1,534,4.001688798376624,4.9349987198616585,289.00019810406604,923.1830804342115,2.4855282987783323
w03,31515,32065,550,10,dumbbell_rows,1,550,3.5630537679579324,3.780288987945245,175.08279522519263,950.8958933553135,2.380700965677974
w03,36095,36778,683,12,situps,1,683,17.63442610095132,17.975158042096556,643.4684974656601,1181.2586507619744,14.653625169106135
w03,37997,38551,554,10,situps,1,554,10.801128745513628,10.75710158855347,708.3902317458593,1137.4816346490893,7.804638660793736
w03,39403,39966,563,10,situps,1,563,6.1574290725412775,7.315500354685515,375.4701477230324,973.412553853709,4.216800491168811
w03,40800,41430,630,10,tricep_extensions,1,630,5.492930248379328,6.437149420994367,406.15856183831335,1089.459957960824,3.825747648127376
w03,41911,42561,650,10,tricep_extensions,1,650,8.048578381440253,10.33639890971004,606.5034968325014,1124.1009741122014,6.04937334663545
w03,45505,46167,662,10,tricep_extensions,1,662,10.028901782892325,11.374413658462268,939.6959799025394,1452.871605496022,7.081700963188857
w03,47813,48362,549,10,bicep_curls,1,549,11.682744923743863,13.044821921884678,1004.7100026886984,1621.341508816032,8.037389320407947
w03,49509,50065,556,10,bicep_curls,1,556,8.739999345023557,11.536091995957534,868.5491931847006,1426.5585556324436,6.9554930810156295
w03,51635,52176,541,10,bicep_curls,1,541,12.50429605790093,13.415393034070965,633.0708586835025,1153.3825812172431,8.70430626209741
w03,53666,54343,677,10,lateral_shoulder_raises,1,677,8.088274873814171,12.12679120839504,1015.9713278793902,1528.2466390955171,5.401376053662684
w03,55078,55688,610,10,lateral_shoulder_raises,1,610,5.053085018428124,5.598259770468686,359.9260113374001,1054.8189418094462,3.392227610801586
w03,56260,56867,607,10,lateral_shoulder_raises,1,607,5.074187841610683,5.149443850456221,331.77351945088543,1049.6227893867397,3.573291158376036
w03,61950,62270,320,10,jumping_jacks,1,320,11.241949274753557,40.67771521471428,707.9984795446719,1727.208183704662,7.331095127265857
w04,2899,3614,715,10,squats,1,715,7.469415782988113,9.994340518449274,598.9749291193008,1236.6842766041784,5.1002675315239
w04,4070,4858,788,10,squats,1,788,8.068930345607798,10.258868697731986,685.6230248401532,1363.1239855567064,5.516911952314337
w04,6042,6774,732,10,squats,1,732,5.4177309943752014,5.011450340790587,280.25697441956936,1266.1291403328494,3.798525352635828
w04,7791,8247,456,10,pushups,1,456,21.155255539441985,26.12262415045917,1143.4640742173751,1660.4816101690385,11.548099783678772
w04,10471,10918,447,10,pushups,1,447,6.877734585773942,7.7353378312780094,590.3816643062289,1011.80483965385,5.045936320524595
w04,12032,12506,474,10,pushups,1,474,3.7386517378624906,4.141496279012728,182.5058060892605,819.2600319800789,2.6478267964547797
w04,13350,14225,875,10,dumbbell_shoulder_press,1,875,2.6529541702276465,3.590780403053108,254.08985710822145,1513.8124058151986,1.7143815781445106
w04,18970,19857,887,10,dumbbell_shoulder_press,1,887,12.591737593888162,12.620931575867166,1217.6181706542686,1612.353414637795,9.198003206306415
w04,20887,21722,835,10,dumbbell_shoulder_press,1,835,5.19399900426447,6.013715663608378,440.5324834970154,1444.5303735124437,3.5824181659602905
w04,22307,23211,904,10,lunges,1,904,4.978446926034841,5.71590646155966,371.30393782120456,1564.041879234696,3.2438118098422515
w04,27679,28572,893,10,lunges,1,893,5.758509562800734,6.172951588851292,432.11345794938,1544.9893203514384,3.811696795062328
w04,29449,30012,563,10,dumbbell_rows,1,563,4.7352053597071375,5.334996395708962,344.8241185012728,973.412553853709,3.0565560163369443
w04,34017,34540,523,10,dumbbell_rows,1,523,11.908472984463623,16.086156221307856,1234.235731777845,1715.288135058658,8.53782211353504
w04,35788,36304,516,10,dumbbell_rows,1,516,3.761336652020404,4.583695887482465,251.94332833548617,892.0061658979718,2.455144749762493
w04,37206,38093,887,10,situps,1,887,1.93004322538446,1.87105965192476,144.2852199566054,1534.5970155060252,1.226968522869381
w04,42416,43341,925,10,situps,1,925,6.878644206512668,11.518140325678798,830.4740461026969,1600.414946193643,5.048940835137255
w04,45722,46672,950,10,situps,1,950,5.93821008206432,7.113456858696984,486.5046403918168,1643.7162163828646,4.282042641525152
w04,47474,48150,676,10,tricep_extensions,1,676,5.993123174634716,7.227390523976493,689.4009695038878,1173.1718031485882,4.19832987559816
w04,49368,50126,758,10,tricep_extensions,1,758,7.685421527573752,10.357444480643222,982.038964866234,1547.3972566368557,5.137601372216965
w04,50851,51545,694,10,tricep_extensions,1,694,11.814476575488513,45.38321763363723,1548.768304241782,5000.430681451348,7.525925085009909
w04,52140,52814,674,10,bicep_curls,1,674,9.078875409875224,12.552135583705528,958.0183695417322,1615.0520553649494,6.468026333163601
w05,2830,3355,525,10,squats,1,525,19.906296635736528,20.171953583092723,636.2047850198968,939.42868033712,16.807536039090223
w05,3635,4153,518,10,squats,1,518,13.697987576555391,18.94700913624214,1200.1922828269542,1654.6747763889853,8.90772816692577
w05,5112,5711,599,10,squats,1,599,9.33369255875593,17.043108176074572,851.2974902899126,1156.1159746691656,5.743538920516438
w05,6353,6780,427,10,pushups,1,427,2.113472249936645,2.92078914295009,215.9805605629992,737.8536440243417,1.2323885391062848
w05,7897,8360,463,10,pushups,1,463,9.14521121884114,9.719396833721856,738.765390008529,1210.0483559305114,6.370577480074537
w05,9365,9761,396,10,pushups,1,396,2.985242762175196,3.902300951732253,105.33705075162908,684.1600689897066,2.444901677662769
w05,10827,11280,453,9,dumbbell_shoulder_press,1,453,5.655711254597115,7.7222804609706115,500.7462279141114,977.6140236896974,4.183734756726143
w05,12724,13163,439,9,dumbbell_shoulder_press,1,439,13.684350655631455,12.957871659858563,521.1306865761948,945.776575809948,10.884806175099133
w05,15003,15433,430,9,dumbbell_shoulder_press,1,430,15.524014372070004,15.100834768272271,869.7152757496975,1074.11673253358,11.841320769112576
w05,16821,17640,819,10,lunges,1,819,11.95492032326591,13.987328771219705,969.2836065932614,1416.8175605913416,8.788695742674884
w05,19636,20483,847,10,lunges,1,847,8.426269628337241,10.786439713213674,913.5432709777024,1465.3149832032702,5.955087817201418
w05,22735,23606,871,11,lunges,1,871,8.051900321624105,11.557683104417778,785.8337480069772,1506.8842025849233,6.0505886875134856
w05,25085,25574,489,10,dumbbell_rows,1,489,6.525663801139496,6.0570986979366666,295.4211575702336,845.2407940936121,4.263239366916662
w05,28325,28786,461,10,dumbbell_rows,1,461,5.451508996516474,6.329654672837089,307.7759850290584,796.7433714816835,3.3139743387039324
w05,32611,33005,394,10,dumbbell_rows,1,394,4.652739055939841,7.901064596728709,134.35625947647998,680.6959673745688,3.140772815451807
w05,33685,34307,622,10,situps,1,622,19.02263801651901,22.85975200348099,741.1703763547162,1394.8673505370366,15.485547451129262
w05,36225,36709,484,10,situps,1,484,4.653556601867013,6.575276383109531,155.59185167132077,836.5805400557678,3.351981334753769
w05,39240,39650,410,9,situps,1,410,2.849000801371771,3.956483383243208,203.7088209657752,708.4087802956708,2.0728090264923646
w05,40292,40711,419,10,tricep_extensions,1,419,10.794661792279976,10.449279198331352,335.0872063173945,723.9972375637907,9.190916243958306
w05,42667,43095,428,11,tricep_extensions,1,428,1.6172178836703337,1.9891177395932724,75.91850247098165,739.5856948319106,1.17230677139777
w05,44208,44595,387,10,tricep_extensions,1,387,5.858923790233094,5.906311763527272,303.803979197661,668.5716117215867,3.640917671448702
w05,46262,46756,494,10,bicep_curls,1,494,7.463594397183882,9.837289108407862,470.1466902637394,864.7487710649203,4.234753709025924
w05,47380,47858,478,10,bicep_curls,1,478,9.426227139840911,12.378730989230895,516.9293636852689,1070.3846924461398,6.37508123322628
w05,48482,49003,521,11,bicep_curls,1,521,3.0315406861080465,3.203213831826221,142.41446305858457,900.6664199358162,2.1447293636818974
w05,50035,50450,415,10,lateral_shoulder_raises,1,415,4.151916311611193,6.079820222877837,397.81018169210256,717.0690343335152,3.112472658146612
w05,52965,53402,437,10,lateral_shoulder_raises,1,437,9.690633315145762,13.656901882338358,532.5817448311304,1043.7441605614529,6.3612219403275
w05,55565,55988,423,10,lateral_shoulder_raises,1,423,21.343492352581126,32.63009441570597,821.7656779129326,1315.497117524861,13.204019284689997
w05,56616,56910,294,10,jumping_jacks,1,294,38.68937573440356,53.81715458283967,593.1072819708457,853.4610899229917,27.434385708332243
w06,1874,2426,552,10,squats,1,552,9.42181267239195,10.386119342884006,673.6330793617843,1026.335527033836,6.450425403610437
w06,3079,3651,572,10,squats,1,572,12.62662472165549,13.38350540369391,1160.8405555478223,1873.10628401882,9.084185747353985
w06,4289,4880,591,10,squats,1,591,15.02888676378278,21.116777039721427,1262.8424609688432,1843.5195737362155,9.947618407856067
w06,5324,5777,453,10,pushups,1,453,14.127070529986062,19.16453313569749,759.7038975194329,1176.6497412099698,8.173443802616575
w06,6367,6911,544,10,pushups,1,544,16.114524425604134,18.517268439451644,1340.1785199720207,1905.724735739621,9.998768640945997
w06,7753,8270,517,10,pushups,1,517,10.354074253804496,10.422335311214733,782.5898592915498,1073.139837491549,7.821659977922589
w06,9076,9770,694,10,dumbbell_shoulder_press,1,694,9.580958688751108,9.137596484514782,467.9813092184482,1200.311209645232,7.377087404537726
w06,10778,11517,739,10,dumbbell_shoulder_press,1,739,10.27138460135843,12.445023606996262,1045.1880896358398,1424.702719363754,7.461384174819675
w06,12113,12899,786,10,dumbbell_shoulder_press,1,786,14.316236534017822,14.83786249886511,999.2534760967618,1467.7503113212626,10.653442371780258
w06,13448,14331,883,10,lunges,1,883,5.100901893276319,5.428271745317959,410.97405817903496,1527.6688122757498,3.443415122955196
w06,19541,20324,783,10,lunges,1,783,15.95741545875303,15.82044118390859,1022.3878059702693,1711.3676796650732,11.806269412567984
w06,21002,21833,831,10,lunges,1,831,8.299730661127745,10.796765734525358,952.1424973126834,1460.825405760045,6.242297516954554
w06,22904,23486,582,10,dumbbell_rows,1,582,8.005077878995825,8.939679759049044,705.0394150493514,1067.3483559043648,5.714130585667166
w06,26761,27283,522,10,dumbbell_rows,1,522,13.299845979132533,16.592383790962373,1254.1438825514642,1849.433324556811,9.11518433687728
w06,27937,28465,528,10,dumbbell_rows,1,528,13.296828024934982,17.599052522701815,1110.5161136980798,1440.8877438419431,9.68233273542821
w06,29057,29617,560,10,situps,1,560,14.422433897706476,16.160462534352146,1261.803621507186,1786.9868683959437,9.579819472923257
w06,30238,30849,611,10,situps,1,611,13.730708044219968,15.06027143909956,1284.295557151789,1993.791455019034,10.422261100776462
w06,31584,32190,606,10,situps,1,606,10.345364222867463,12.849824434237322,1048.5797890037056,1516.484338812411,7.309764729331557
w06,39685,40259,574,10,tricep_extensions,1,574,8.668936704501489,10.34245482372173,616.3939398650543,1046.5223510877142,6.769841418706907
w06,41103,41734,631,10,tricep_extensions,1,631,13.053270356338794,14.706967854204043,1217.600658898509,1809.3624401927584,9.74026686344874
w06,42346,42940,594,10,tricep_extensions,1,594,15.266898023594978,19.868167375080592,1131.1430267758235,1740.1926234640152,10.641280126262044
w06,43486,44091,605,10,bicep_curls,1,605,15.166013356282596,20.878005603148384,1101.753685539851,1662.800024533786,10.587008111324131
w06,44671,45245,574,10,bicep_curls,1,574,12.128378004977506,14.14350515021843,1047.2325862828577,1683.129602059248,9.38531028814911
w06,45820,46415,595,10,bicep_curls,1,595,9.75642868856285,12.44654941699919,941.9710210981464,1659.2466921921036,7.203137406186782
w06,47870,48539,669,10,lateral_shoulder_raises,1,669,8.916843241237386,11.602080077706464,967.4421959167132,1363.639796305113,5.943207117005418
w06,48995,49563,568,10,lateral_shoulder_raises,1,568,3.980915859189042,4.135946578493772,326.8096812049993,982.0728078915536,2.644512203457872
w06,52800,53296,496,10,lateral_shoulder_raises,1,496,24.508348844312057,32.894514454008224,938.4041237664454,1383.9472884585955,16.60032969083693
w06,53738,54001,263,10,jumping_jacks,1,263,15.94497035223264,19.89607789495585,898.9876536586861,1343.5289458719342,10.315480185448308
w07,2750,3533,783,10,squats,1,783,11.2270199906173,13.128466167083449,702.264964930844,1354.463731518862,8.293865033107918
w07,4482,5169,687,10,squats,1,687,15.40142792999463,17.01869071255844,1223.5640807272612,1771.6942600689283,9.489680592731393
w07,5659,6345,686,10,squats,1,686,13.320703410329251,14.59788072808954,1218.2343310482145,1698.6237383219543,8.033799818685244
w07,6835,7348,513,10,pushups,1,513,4.793911600258257,5.013454258690276,290.0285718155129,886.8100134752651,3.130928541922424
w07,8298,8847,549,10,pushups,1,549,3.5692253788484964,5.358914769117296,293.08066877319214,949.1638425477448,2.29061326054217
w07,11432,11940,508,10,pushups,1,508,3.670434248594256,4.567023679964787,280.3829648376503,878.1497594374208,2.3593198655067145
w07,12975,13685,710,10,dumbbell_shoulder_press,1,710,9.195135743610235,8.454493791807119,640.8903503107024,1228.024022566334,7.069166279959244
w07,15036,15931,895,10,dumbbell_shoulder_press,1,895,2.110460358955691,2.634050665127003,206.60348414136132,1548.4534219665763,1.5240609448620317
w07,22796,23569,773,10,dumbbell_shoulder_press,1,773,10.401228791029752,12.37968828769425,1132.1209058345812,1779.955120622478,7.500468274122157
w07,24457,25354,897,10,lunges,1,897,13.187337891742237,16.204529542460172,1104.8623914150903,1671.1572592938862,9.221717482905303
w07,26510,27355,845,10,lunges,1,845,3.055564583816692,3.611805199013608,301.3187780782677,1461.8508815881323,2.0278462501755588
w07,31538,32383,845,10,lunges,1,845,4.970445697983526,7.783996443364479,794.2469127949788,1508.5765277644532,3.514937512152574
w07,33040,34021,981,10,situps,1,981,2.559845287703163,3.465358368584512,302.48425895461867,1697.4097914174995,1.7659137953463722
w07,37870,38800,930,10,situps,1,930,2.674103388517896,2.513152152034207,213.7764680335572,1609.075200231487,1.932488239247729
w07,41972,42969,997,10,situps,1,997,7.489336307185496,9.309036451512984,931.0956102534929,1725.1226043386018,5.337489983351546
w07,44075,44591,516,10,dumbbell_rows,1,516,5.413207545040633,5.337900463148747,331.12038500207734,892.0061658979718,3.674373338680468
w07,45834,46318,484,10,dumbbell_rows,1,484,8.21583614259869,10.0505374646057,903.8117509612229,1171.1207770339108,6.007612603342406
w07,47330,47827,497,10,dumbbell_rows,1,497,2.856888869895857,3.900134103418348,294.62486712025816,859.0972005541631,2.093661944336496
w07,48702,49365,663,10,tricep_extensions,1,663,2.1959640418111963,3.6475677825024113,189.8151167465062,1146.6176346105967,1.638893274097635
w07,54034,54626,592,10,tricep_extensions,1,592,10.34875875726105,11.21728635117858,922.6758729264516,1189.9805893524156,7.390932276829611
w07,56087,56631,544,9,tricep_extensions,1,544,7.984807117630466,11.339066100110925,861.8268187276924,1409.7949082737512,5.819384990624368
w07,57291,57869,578,10,bicep_curls,1,578,5.444137556110762,8.16803433300381,875.1870087293687,1550.0255180526583,4.002501833544029
w07,61004,61564,560,10,bicep_curls,1,560,8.984719783450398,10.202925323794496,331.1012075279856,968.2164014310024,5.689672753235224
w07,63113,64045,932,10,lateral_shoulder_raises,1,932,8.725472326001377,10.146080474470336,573.0158645044023,1612.5393018466248,5.31220719271618
w07,65466,66354,888,10,lateral_shoulder_raises,1,888,8.05998901544629,9.453213574890713,549.3732978646497,1536.3290663135942,5.006595519807624
w07,68129,68948,819,10,lateral_shoulder_raises,1,819,14.78320444358238,22.567025461410903,704.5309055615016,1416.8175605913416,10.230965040559028
w07,70291,70609,318,10,jumping_jacks,1,264,3.6485286416569913,3.8743938633219095,194.3314331933121,455.5293623906147,2.384839866623755
w08,1978,2495,517,10,squats,1,517,8.866976248332472,9.982943688325168,743.3054702151773,1502.904776983112,5.747751679188338
w08,3006,3531,525,10,squats,1,525,16.035573726118784,17.489169787325615,1346.828944993171,2105.087867322073,9.9462000803761
w08,4239,4752,513,10,squats,1,513,13.132541005437892,12.64497296913652,449.5792904417299,886.8100134752651,7.977783252550354
w08,5133,5539,406,10,pushups,1,406,5.186225035844751,6.677423619390436,433.5710098064399,838.9404276978267,3.355448184234074
w08,6166,6648,482,10,pushups,1,482,3.8563992504685034,5.994885489318869,435.1328429522003,833.11643844063,2.6545167055654053
w08,16727,17169,442,10,pushups,1,442,11.38795868695714,11.088085232350789,489.8640823419603,792.4623231154064,8.91873585922436
w08,18542,19196,654,10,dumbbell_shoulder_press,1,654,13.458967123792496,15.0419136140931,1128.9818084722274,1680.1069065162865,9.441873495857545
w08,19674,20367,693,10,dumbbell_shoulder_press,1,693,10.42840139460816,9.826217970466274,1059.6394486050142,1370.488845483677,7.145693397621704
w08,20860,21544,684,10,dumbbell_shoulder_press,1,684,9.576909630011306,11.319007248826292,953.845478390332,1553.721525657113,7.726951915299021
w08,22849,23477,628,10,dumbbell_rows,1,628,8.920899931871231,10.02364581607409,979.9275825069412,1714.1881895374322,6.283095228319732
w08,24040,24644,604,10,dumbbell_rows,1,604,7.821024330913826,10.141468649523706,764.0462432354221,1137.8168306960672,6.2829128540972645
w08,26116,26767,651,10,dumbbell_rows,1,651,12.876434818154172,15.426703453529866,1130.1769105883436,1549.1261597120535,10.251122019962551
w08,27625,28182,557,10,situps,1,557,14.631995205183433,14.53173322878166,806.7407398404042,1374.6329509467148,12.186541224781378
w08,29516,30086,570,10,situps,1,570,15.152945550206848,16.639166999327852,542.8119084461259,985.5369095066912,12.698504570202884
w08,31153,31768,615,10,situps,1,615,9.081815348821316,9.6654641967066,913.7414147043356,1109.4655712894553,6.77626645785095
w08,32514,33146,632,10,tricep_extensions,1,632,7.1536107065557175,8.40203152645862,613.1372877469262,1092.9240595759616,5.484439314360539
w08,34046,34694,648,10,tricep_extensions,1,648,12.06368818986098,12.036425475181302,1220.4980039872446,1893.7281719332743,8.64625004481926
w08,35261,35862,601,10,tricep_extensions,1,601,10.697469385611097,13.712545940748274,885.2719396897406,1266.443176212115,6.184576439991198
w08,36541,37140,599,10,bicep_curls,1,599,10.541384536675457,12.869044062858755,787.0701019318374,1248.463070429113,6.142528540937774
w08,37732,38333,601,10,bicep_curls,1,601,6.887830220735958,9.534670899481846,605.4803710257345,1039.2304845413264,4.6274114981523375
w08,40065,40771,706,11,bicep_curls,1,706,13.375332364245748,14.003876416036343,817.290098474073,1221.0958193360584,9.566118030629296
w08,41398,42333,935,10,lunges,1,935,14.466046238226976,17.403376724680363,879.9537275876445,1617.7354542693313,10.392109518555392
w08,43294,44166,872,10,lunges,1,872,13.749812599682413,17.396716109282618,1081.7088652477642,1508.616253392492,10.27243411739726
w08,44711,45527,816,10,lunges,1,816,9.952913900369117,12.045838167178218,674.8677849282035,1411.621408168635,7.098686629010505
w08,46882,47570,688,10,lateral_shoulder_raises,1,688,4.082261459577427,4.60966364560977,312.6528112812372,1189.9189047998186,2.72681392634732
w08,49854,50597,743,10,lateral_shoulder_raises,1,743,6.106016519874889,8.929445612758832,848.2231921461992,1285.181699216107,4.359744722951209
w08,52518,53248,730,10,lateral_shoulder_raises,1,730,10.3731813046051,10.878749441194673,948.531598080266,1307.4297102310531,7.075602892096173
w08,53789,54465,676,10,lateral_shoulder_raises,1,676,7.550094829955015,8.145720197373727,565.0848609751132,1169.134295108992,4.78319975836142
w08,55048,55350,302,10,jumping_jacks,1,302,6.81064501196816,7.026676291540565,467.8549632051675,823.815648388495,4.077248198050136
w08,56345,56650,305,10,jumping_jacks,1,305,8.180570678021178,8.211674004830579,462.3456797686071,682.2454019537776,5.630535279724713
w09,3755,4513,758,10,squats,1,758,5.1941137714160055,5.225499060414868,370.38468239205326,1311.16246132964,3.422820245937213
w09,7836,8475,639,10,squats,1,639,4.736508011444333,8.072278879838919,704.0567826015896,1185.839598755969,3.624072000707451
w09,11469,12187,718,10,squats,1,718,11.29240512365319,13.611391872144615,1264.6667712295446,1803.7547568279688,6.732889783677028
w09,12843,13340,497,10,pushups,1,497,12.450047267134485,12.634788746230187,1254.6384199725178,1794.6324733520787,7.773696874578653
w09,14161,14729,568,10,pushups,1,568,9.758322139555466,12.013963434951506,1017.06638094854,1387.2509755118476,7.023540275165036
w09,15442,16036,594,10,pushups,1,594,8.94637921682763,8.222268470513495,635.7205106185414,1027.1061288883443,6.757177888436402
w09,17462,18247,785,10,dumbbell_shoulder_press,1,785,5.844853330230467,7.257722144840527,651.8674509430772,1357.927833134,4.373150682828217
w09,19300,20126,826,10,dumbbell_shoulder_press,1,826,2.278393567872001,2.5467381025934386,181.05160911802724,1428.9419162443237,1.555285101547439
w09,27827,28506,679,10,dumbbell_shoulder_press,1,679,13.925405884387898,14.06860069740632,1106.6487059627443,1482.471612843408,9.72144799165974
w09,29726,30615,889,10,lunges,1,889,9.436563091545183,10.439078878552625,755.3229878726116,1538.061117121163,6.252315843681514
w09,32564,33430,866,10,lunges,1,866,2.3095043890499243,2.721618479183294,221.2319650626297,1498.2239485470789,1.5775513534195074
w09,38005,38842,837,10,lunges,1,837,3.940299922244063,4.744952960621065,543.7783959819337,1447.9944751275814,2.781882445192629
w09,41220,41705,485,10,dumbbell_rows,1,485,8.69217459412527,11.058170209814264,835.1345837830605,1361.5233012468734,6.784752695762217
w09,43877,44384,507,10,dumbbell_rows,1,507,4.031521857468393,4.001512979123207,299.32075364766536,876.4177086298519,2.7067847841789185
w09,45146,45695,549,10,dumbbell_rows,1,549,4.25490571968546,4.19334925846082,254.43302180968743,949.1638425477448,2.7615685395059035
w09,58175,59045,870,10,situps,1,870,1.787389925002904,1.7806023543677572,152.20380921006387,1505.1521517773544,1.1380784713163357
w09,66830,67716,886,10,situps,1,886,9.76452913287015,11.44770315781889,1351.059949802234,1716.6240116894303,6.843284192563313
w09,68290,69239,949,10,situps,1,949,6.114646369113614,10.924129305665112,1108.2406453163271,1648.912368805571,4.2711284647808805
w09,70034,70747,713,10,tricep_extensions,1,713,7.61433742739729,9.698983705375412,596.6969342934823,1233.2201749890407,6.018240162604412
w09,72890,73577,687,10,tricep_extensions,1,687,2.3954453696831486,3.393296911660933,300.6182002798107,1188.1868539922498,1.5672271254256718
w09,74310,75003,693,10,tricep_extensions,1,693,2.150387065568432,2.4368332078393258,162.00427912742688,1198.579158837663,1.5245723846678396
w09,82836,83672,836,14,bicep_curls,1,836,6.594265430651785,9.692816489680755,930.6291770024504,1749.62782463087,4.349921473919224
w09,85581,86111,530,10,bicep_curls,1,530,2.9462249251353168,3.586257420988934,256.5797256749631,916.254877203936,1.876882031287566
w09,91110,91593,483,10,bicep_curls,1,483,1.5653410970892592,2.069110025484326,85.21141701514215,834.8484892481988,1.1737095602901506
w09,100926,101495,569,10,lateral_shoulder_raises,1,569,8.670927989212451,11.142206006813034,821.3277133492278,1203.4882173157257,5.8055765131078365
w09,102180,102750,570,10,lateral_shoulder_raises,1,570,10.08874881056746,18.44165209831529,1111.9741797580298,2188.0748862913592,7.473517086411929
w09,103239,103774,535,10,lateral_shoulder_raises,1,535,17.63500237204894,26.40943068408292,1006.327507707177,1890.776161164278,12.90145936551074
w09,104660,104970,310,10,jumping_jacks,1,136,6.538384902865416,6.566008693054165,261.15178446866474,571.0376175403333,3.9170885978334455
w10,2704,3283,579,10,squats,1,579,16.50733080447846,17.836344259296308,526.8943292854577,1001.125366774811,12.113357931177626
w10,3761,4310,549,10,squats,1,549,13.12494996162825,15.44953366604624,1246.4920146062102,1758.737067824884,8.419773610362675
w10,4850,5469,619,10,squats,1,619,6.919993168351977,11.561602336773117,662.0272928004425,1070.4073990775662,4.29844911646205
w10,6285,6795,510,10,pushups,1,510,4.51987040072295,4.757045136634403,341.88574333855763,881.6138610525585,3.009843539926428
w10,11703,12204,501,10,pushups,1,501,3.2783845879255598,4.6487630919434615,195.3344546445902,866.0254037844386,2.2745099367380863
w10,13002,13525,523,10,pushups,1,523,2.413709740766821,3.9467798889167183,224.37183548562885,904.130521550954,1.612256130804259
w10,17935,18644,709,10,dumbbell_shoulder_press,1,709,3.552735926870352,4.136375327599295,320.7582087291013,1226.2919717587652,2.3519193499207978
w10,22543,23277,734,10,dumbbell_shoulder_press,1,734,9.070277832047887,11.159281915436669,1016.6747630132196,1269.593241947987,6.417119759613573
w10,24121,24874,753,10,dumbbell_shoulder_press,1,753,13.708329210045232,12.210000159404148,683.9540066289997,1302.5022072917957,9.866154808281513
w10,26349,27300,951,10,lunges,1,951,13.62064867500488,14.514397962815586,891.6875566737444,1645.4482671904334,9.310580987568564
w10,28172,29112,940,10,lunges,1,940,12.664866245680528,14.326381446290306,1113.573046239293,1679.1868722632591,8.887594889522582
w10,29816,30717,901,10,lunges,1,901,9.57477400681888,12.102021446011577,911.6090229886807,1558.8457268119896,6.173611152004
w10,31726,32368,642,10,dumbbell_rows,1,642,7.328108375238395,9.817716296071405,692.9113287212374,1140.4010624293337,4.576913382188847
w10,33087,33735,648,10,dumbbell_rows,1,648,2.3964938486314167,2.890421848358211,221.68211434369232,1120.6368724970637,1.6382386240761262
w10,48584,49192,608,10,dumbbell_rows,1,608,4.4310397185876536,4.764784092060769,280.9415055980666,1051.3548401943085,2.9613070703301214
w10,52587,53205,618,10,situps,1,618,9.35519019351667,13.794049576875771,529.6189136079789,1068.6753482699974,7.623362140347272
w10,53923,54558,635,10,situps,1,635,10.47019263590192,12.388515377060692,918.732580712344,1461.8599748836052,6.993823243172344
w10,54995,55641,646,10,situps,1,646,9.294594820431564,9.365301394079795,800.2946896110914,1117.1727708819258,7.469666391261952
w10,56985,57626,641,10,tricep_extensions,1,641,8.429586268767407,9.354524539338154,926.1439917332268,1211.2667599951033,5.802192933868551
w10,58606,59251,645,10,tricep_extensions,1,645,3.8153877246518086,3.5463638364349617,245.61805075789965,1115.440720074357,2.452584605861831
w10,62534,63175,641,10,tricep_extensions,1,641,7.420012165130215,11.95844131720342,661.1752436687913,1108.5125168440816,4.1341801393817175
w10,63823,64492,669,10,bicep_curls,1,669,3.72699618301491,4.500694713447456,322.6735470840557,1157.00993945601,2.1048165549054896
w10,69635,70281,646,10,bicep_curls,1,646,9.26539476652245,12.436374291114078,1003.1249624006924,1569.1261988824178,6.945502810962347
w10,70875,71564,689,10,bicep_curls,1,689,12.69894050331081,14.557786160529767,943.2896256307836,1609.9526602349515,9.559261434599138
w10,73428,74144,716,10,lateral_shoulder_raises,1,716,10.362471712537836,14.376107994130344,637.1092484692467,1238.4163274117473,7.681634254136652
w10,74898,75577,679,10,lateral_shoulder_raises,1,679,20.811188096816576,28.521355931677306,625.2176740172387,1174.3304475316988,14.527508165024871
w10,76110,76785,675,10,lateral_shoulder_raises,1,675,21.45680492203732,29.346612679678383,940.3556895385466,1625.110403983086,14.756150330019782
w11,3062,3826,764,10,squats,1,764,14.57072826595798,14.690158192319917,744.8297920800471,1321.5547661750534,11.683138743653018
w11,5889,6636,747,10,squats,1,747,14.597383707673172,15.506314409932653,696.1592948878161,1292.1099024463824,11.796634546488452
w11,8727,9426,699,10,squats,1,699,14.071841048956948,16.39981046452961,1168.6279749722073,1584.435341596283,8.70708815059836
w11,9936,10490,554,10,pushups,1,554,6.067315335816372,5.514765932814058,326.6026123493147,957.8240965855892,3.963466346922766
w11,11552,12129,577,10,pushups,1,577,11.47656058155648,12.696702903489347,1215.0317875661597,1700.026538133759,7.1641581132933725
w11,14616,15121,505,10,pushups,1,505,8.594330135689917,8.735280864317494,621.0131400966021,998.5763071265812,6.526249328272563
w11,16770,17542,772,10,dumbbell_shoulder_press,1,772,2.1868938555774142,3.1664474598088392,235.25591537206304,1335.4111726356043,1.491642766511806
w11,20375,21113,738,10,dumbbell_shoulder_press,1,738,9.781321192362878,8.819429047454223,517.6607540301252,1276.5214451782626,7.612726464874579
w11,22987,23731,744,10,dumbbell_shoulder_press,1,744,9.28009348950274,17.20896832781724,1116.5362694854628,1881.5314861023976,6.452727669862602
w11,24818,25759,941,10,lunges,1,941,10.141119840387548,14.5067922356376,1190.2031690049907,1961.6694422469927,7.0854933603233805
w11,26730,27623,893,10,lunges,1,893,14.275568786874029,19.692880465645448,1105.021460805386,1683.471222466138,10.200860718951942
w11,29686,30532,846,10,lunges,1,846,6.505241956304048,6.018187587664499,490.5066166483752,1463.5829323957014,3.917491225619072
w11,31556,32148,592,10,dumbbell_rows,1,592,11.272607157781668,13.718572184326396,1026.1881380371008,1551.8823903597904,8.273512959607269
w11,34003,34554,551,10,dumbbell_rows,1,551,12.359028196148069,17.708251212672195,1225.6367542116268,2009.8826309394656,8.670285605202071
w11,36035,36582,547,10,dumbbell_rows,1,547,7.917474436540933,12.513272541899235,634.8491920229167,1059.973680736021,5.979563982071437
w11,37498,38405,907,10,situps,1,907,6.442479588039878,11.399762203992417,670.8726555529202,1569.2380316574029,4.714894279519207
w11,39015,39986,971,10,situps,1,971,10.44677191932858,13.102471676436624,1366.1359051405152,2047.6426451854788,6.819965100785216
w11,40758,41804,1046,10,situps,1,1046,5.309983761691126,6.724312919505578,636.5913330680598,1809.9930939094768,4.143711946390412
w11,43195,43921,726,10,tricep_extensions,1,726,7.495459907258783,7.882630156622977,638.9117142233044,1255.736835487436,6.022552665022602
w11,45997,46721,724,10,tricep_extensions,1,724,8.90917531945536,9.674471402528765,894.1600897626163,1252.2727338722982,6.595508914663773
w11,48316,49022,706,10,tricep_extensions,1,706,5.242019985578403,5.587572628006815,410.4006462667002,1221.0958193360584,3.137699859930142
w11,50125,50760,635,10,bicep_curls,1,635,7.229921745241381,12.14928291031216,844.8470757959346,1457.8645369467354,5.28771848972046
w11,51945,52561,616,10,bicep_curls,1,616,8.684934190632735,10.047355154908216,345.84022820951014,1065.2112466548597,5.432490452338307
w11,53350,53939,589,10,bicep_curls,1,589,2.6229650331796424,2.621036842795177,198.54212109185448,1018.4458748505,1.639775493399597
w11,54579,55525,946,10,lateral_shoulder_raises,1,946,9.351642017947611,11.087369791057744,607.0130125824141,1636.788013152589,6.358154268806356
w11,57191,57988,797,10,lateral_shoulder_raises,1,797,11.109923021039492,13.516733930081172,1092.0311217074432,1638.1703736119232,7.836419511599364
w11,59340,60155,815,10,lateral_shoulder_raises,1,815,20.52710103045088,31.513108524627608,747.8989609490424,1409.889357361066,14.533693262358966
w11,61469,61780,311,10,jumping_jacks,1,311,36.95376688210216,39.30965075423798,585.1090748221068,954.7206023796888,27.011991906103574
w12,5812,6360,548,10,squats,1,548,16.44972845712791,24.58492964770084,1222.0584051328306,1675.1702478466584,9.750889336765054
w12,7213,7735,522,10,squats,1,522,13.374359225913205,16.599166275089566,1174.8089903483897,1658.8291206343392,8.688291338742518
w12,8965,9505,540,10,squats,1,540,12.311447190736503,22.717213349051065,1087.6176404357166,1604.7329655429317,8.607205864793663
w12,10994,11331,337,10,pushups,1,337,2.851237404682374,3.762106567946792,178.36131667436837,581.9690713431428,1.8291552354120133
w12,12370,12740,370,10,pushups,1,370,14.41105351754166,12.575310787812649,349.85138134736724,639.1267479929157,11.256955340937644
w12,13776,14190,414,10,pushups,1,414,3.4329789683042677,4.647830818691604,231.41261205677367,715.3369835259463,2.5644183458774217
w12,14934,15569,635,10,dumbbell_shoulder_press,1,635,9.740063252063305,11.955129159180537,670.7554431376818,1114.9188315039944,7.478014718444261
w12,17592,18134,542,10,dumbbell_shoulder_press,1,542,4.393332609545601,5.043784262382669,353.258821083992,937.0394868947626,3.158156378003934
w12,20678,21165,487,10,dumbbell_shoulder_press,1,487,2.8911742631783275,3.5095444066554697,227.3325373655441,841.7766924784744,2.02772988649984
w12,22081,22765,684,10,lunges,1,684,6.503058467175633,11.40237178415182,868.0123226363728,1204.5341984815618,4.889219285596713
w12,24908,25535,627,10,lunges,1,627,2.9934883689840195,4.484800668031348,391.8227955961222,1084.2638055381171,1.989560414076375
w12,28118,28750,632,10,lunges,1,632,7.232074003342879,13.931138597630367,927.0697514676708,1658.7382576600312,5.761767198429908
w12,34870,35305,435,10,dumbbell_rows,1,435,2.3357692838554334,2.551966168282582,107.83168267940717,751.7100504848927,1.7731931596819974
w12,38503,38855,352,10,dumbbell_rows,1,352,15.169099349278849,19.47869413454706,1040.342235147622,1508.893125468605,11.531215819536238
w12,42945,43304,359,10,dumbbell_rows,1,359,2.634761726625114,8.5749458847684,412.829227184289,1003.854307005613,1.9002699663693816
w12,46755,47442,687,10,situps,1,687,18.435992639981613,26.41214766298367,835.5900223270322,1420.0480796320153,13.256667922647228
w12,51991,52604,613,10,situps,1,613,7.92146142726259,11.043899742662449,631.0796127052027,1133.7005704891524,6.462963650230049
w12,55231,55840,609,10,situps,1,609,2.010206277432101,4.229256806841517,343.34170818346524,1053.0868910018771,1.3891210712916138
w12,57410,57780,370,10,tricep_extensions,1,370,1.9059996528309455,2.390445898508956,72.01498364567414,639.1267479929157,1.4355247350422162
w12,61322,61691,369,10,tricep_extensions,1,369,1.6319623698700991,2.12972533314394,67.74019846231587,637.3946971853469,1.1934912436985972
w12,65990,66360,370,11,tricep_extensions,1,370,2.238745831557229,2.2969640712102426,71.37387055889724,639.1267479929157,1.5610997293589888
w13,5487,6034,547,10,squats,1,547,15.089815250336104,18.083681686346296,578.1642820833748,975.8905706115552,10.03774953293856
w13,6920,7475,555,10,squats,1,555,9.650559235008702,10.808838783686006,812.9073120637137,1293.3079508580342,6.587746116306579
w13,9238,9743,505,10,squats,1,505,5.270386499103319,6.490653475077969,400.7865562510162,872.9536070147142,3.138988103577772
w13,10513,10902,389,10,pushups,1,389,23.19748590811553,27.92817781685628,964.2214383118172,1223.4264199190145,16.825709624913465
w13,12415,12790,375,10,pushups,1,375,8.566689277912273,11.426840463450018,777.5633368458324,1485.3036593993795,6.462990318372634
w13,15326,15677,351,10,pushups,1,351,2.54555946212909,2.9842179433347,133.74933675925283,606.2177826491071,1.7313370858757895
w13,17529,18063,534,10,dumbbell_shoulder_press,1,534,13.44788622155793,14.271905509677444,650.1245015911927,1198.776998134749,10.545418020272566
w13,19536,20047,511,10,dumbbell_shoulder_press,1,511,13.823531087324028,16.303195406430238,925.630320241445,1302.411135443969,10.722623484315566
w13,22298,22773,475,10,dumbbell_shoulder_press,1,475,5.893703163677914,7.440146234121646,579.080220967826,1029.568681610457,3.8797775869325126
w13,23865,24648,783,10,lunges,1,783,7.239349080736962,8.568221682247964,926.5503867810008,1354.463731518862,5.42062372706493
w13,26003,26838,835,10,lunges,1,835,10.584042643849171,14.029273700041257,989.0585016269348,1444.5303735124437,8.130593161867877
w13,29792,30485,693,10,lunges,1,693,14.72967725911573,17.758989401803312,858.2532791997146,1278.0489541433149,11.039197302828375
w13,31581,31942,361,10,dumbbell_rows,1,361,4.216520784007239,3.9508796413905616,198.4917606268708,623.5382907247958,2.7321567573167838
w13,34932,35258,326,10,dumbbell_rows,1,326,2.110646291921748,1.939992831807464,73.0464811706246,562.9165124598851,1.362232635168472
w13,36980,37351,371,10,dumbbell_rows,1,371,18.755053791443377,26.40664331018692,798.309521563578,1541.2604425789616,13.846856401052747
w13,38549,39310,761,10,situps,1,761,2.7664532622047666,5.057332938886995,149.88594301807632,1316.3586137523469,1.8239916321966196
w13,41935,42622,687,10,situps,1,687,15.013563251856686,27.827945029021784,838.1493121316679,1498.9091140823086,10.752463064020436
w13,47110,47860,750,11,situps,1,750,2.7990542476133777,2.7347678275761647,166.93349421119942,1297.3060548690892,1.8768099381648864
w13,48994,49470,476,10,tricep_extensions,1,476,7.775035313941737,7.737334496680917,526.5001163216116,961.0051721813,6.230058845673208
w13,50492,50993,501,10,tricep_extensions,1,501,6.228055054925565,9.612329034527349,724.916714232439,1249.923181031528,4.422924680920113
w13,54070,54523,453,10,tricep_extensions,1,453,5.273585028787956,7.69575248716176,221.0254812267702,782.8869650211325,2.723875901869512
w13,55781,56199,418,10,bicep_curls,1,418,10.723199014290484,15.828171165534975,825.1086546513236,1514.884040778566,7.444574419594123
w13,57079,57460,381,10,bicep_curls,1,381,4.485624374748192,8.818127883108131,433.3444126708925,693.8612793038754,3.4891923230376816
w13,58786,59379,593,12,bicep_curls,1,593,10.485038523729084,13.332829098690793,611.2830426534157,1344.8500444101842,6.262634844430981
w13,61430,61903,473,10,lateral_shoulder_raises,1,473,4.916273860704845,5.611553464226975,278.213197743757,817.5279811725101,3.0918584929156347
w13,63821,64308,487,10,lateral_shoulder_raises,1,487,6.157704501399438,5.96182381117436,290.53249224952776,841.7766924784744,4.06733433291014
w13,66921,67441,520,10,lateral_shoulder_raises,1,520,4.196171316442948,3.5584761388841555,199.0748059513112,898.9343691282473,2.836192617321467
w14,1626,2136,510,10,squats,1,510,17.962749878826948,17.916494801392947,670.9102470953591,1179.7306799966254,13.882749900047187
w14,2938,3451,513,10,squats,1,513,11.178235328606585,13.957007960110348,613.7318789910852,1087.593426493423,8.315184541426268
w14,4660,5167,507,10,squats,1,507,14.961479225077865,18.37503922524994,1268.2813162808968,2005.382870717724,10.27401840136131
w14,5592,6084,492,10,pushups,1,492,13.897309309683637,17.528102019776004,1261.3160254490156,1900.9995073427397,8.634838931767307
w14,6584,7009,425,10,pushups,1,425,16.883272238391516,17.68992631856902,331.9595153121179,734.389542409204,9.76107779903356
w14,7960,8409,449,10,pushups,1,449,10.642694466261254,10.237209363057174,532.2818196481398,1015.3710068220277,8.243743132937194
w14,9071,9724,653,10,dumbbell_shoulder_press,1,653,8.49846453585833,9.613176903255068,474.8511001094399,1129.297126534908,6.556855177828135
w14,10602,11277,675,10,dumbbell_shoulder_press,1,675,6.416189044014941,7.894142715440605,614.5202258138524,1167.4022443014233,4.10642136013318
w14,13788,14465,677,10,dumbbell_shoulder_press,1,677,6.3984074584668,9.654286168726625,614.2111849902889,1170.8663459165612,3.62936333560277
w14,16689,17252,563,10,dumbbell_rows,1,563,10.085951600193274,11.269015965941009,765.6022982759756,1096.093598455382,6.679940784988919
w14,17820,18365,545,10,dumbbell_rows,1,545,7.77938088764436,8.881390861772928,563.3340675688355,942.2356393174692,5.439711224447542
w14,19343,19900,557,10,dumbbell_rows,1,557,16.04939694151356,18.046300518604276,605.3554576795459,963.0202490082958,13.41680520871299
w14,20806,21376,570,10,situps,1,570,12.183987809100994,17.44395644805968,531.9660020529169,993.0315100563474,9.913710764560683
w14,22398,22992,594,10,situps,1,594,14.903485245024688,17.783812094661016,1150.5257004176285,1660.6935685510468,11.847454333871644
w14,24044,24610,566,10,situps,1,566,7.972340164156379,8.484904932377159,627.5845084792992,1045.2763006941536,6.149708379796683
w14,25213,25854,641,10,tricep_extensions,1,641,4.053086604200267,5.333594684623551,362.0356977068502,1108.5125168440816,2.6152330851168903
w14,27678,28276,598,10,tricep_extensions,1,598,2.7844302126915443,3.328045031783983,171.21097769368487,1034.0343321186197,1.86013046670205
w14,32136,32771,635,10,tricep_extensions,1,635,6.508510945179522,8.365417511705175,537.40182326833,1098.1202119986683,3.859570314489239
w14,33305,33882,577,10,bicep_curls,1,577,7.070363362394607,8.73761809002197,584.2304443431124,997.6612651596732,4.302931557291867
w14,34493,35080,587,10,bicep_curls,1,587,6.4313220706611975,8.527212631236145,782.3544951745387,1392.63429995309,4.105831951131092
w14,35770,36356,586,10,bicep_curls,1,586,10.271990938982272,12.3756996710744,775.2887571807973,1654.6777606973928,6.885866426725313
w14,37448,38096,648,10,lateral_shoulder_raises,1,648,11.63329280781084,12.788232335926784,992.8368645100364,1299.7699444627483,7.747524265218912
w14,38609,39300,691,10,lateral_shoulder_raises,1,691,14.283008662005596,16.126512983321145,1078.662386476483,1526.318905585529,10.126968339851867
w14,39785,40425,640,10,lateral_shoulder_raises,1,640,15.149302871597008,17.544726639226123,867.3414699093062,1272.4625225091318,10.692812787778829
w14,40789,41622,833,10,lunges,1,833,5.684110715622351,7.704934957149724,743.0530940773268,1441.0662718973058,4.367467908565782
w14,44003,44813,810,10,lunges,1,810,15.519288656486488,14.277838163958256,709.3368502483941,1401.2291033232218,11.36663124709204
w14,45380,46161,781,10,lunges,1,781,22.50735524916906,31.37942853189437,994.6836804418052,1607.646586070374,15.162680423053196
w14,46917,47205,288,10,jumping_jacks,1,288,13.88454076949676,14.142465628950626,759.4294738387034,1307.8724535215274,7.837009141504226
w14,47813,48131,318,11,jumping_jacks,1,183,14.89604883806884,14.237286192901356,799.4682985223503,1330.4142594279308,10.948209293695909
w15,4078,4789,711,10,squats,1,711,16.23435890262584,16.667857218870815,875.4769321136157,1229.7560733739028,12.67075158534144
w15,7004,7737,733,10,squats,1,733,14.092730978656526,15.508996677617702,1386.2463987269357,1957.4939720041589,9.14924517054247
w15,9295,9938,643,10,squats,1,643,7.422261722432592,7.679668100564511,544.8348584978345,1111.9766184592193,4.523620845257198
w15,10564,11010,446,10,pushups,1,446,14.460343907945395,15.700490577092893,1231.8534954478826,1924.168208844503,8.682191118401645
w15,11887,12344,457,10,pushups,1,457,9.909703337681256,9.994027938768337,637.2630356752948,983.7435178442092,7.676065598389725
w15,13469,13917,448,10,pushups,1,448,9.910923173890408,9.433960186329353,618.7896469392217,982.7347643332654,7.700878991597572
w15,14562,15347,785,10,dumbbell_shoulder_press,1,785,8.159372831222875,8.583283598128794,643.8988193383043,1357.927833134,6.274967569732068
w15,16179,16962,783,10,dumbbell_shoulder_press,1,783,13.268350781973892,17.515548938804752,978.3241330732794,1354.463731518862,9.550263130162422
w15,17945,18759,814,10,dumbbell_shoulder_press,1,814,8.257995544266853,14.886652627563814,1119.3372679598826,2022.1718331135448,5.850484729421157
w15,19631,20434,803,10,lunges,1,803,8.074762617717619,10.827449427838427,1036.851518945906,1870.655011236988,5.705446387210323
w15,21915,22731,816,10,lunges,1,816,15.23240969073641,21.975725116553463,1136.0084619138042,1908.4832896771863,11.027271269855769
w15,25332,26138,806,10,lunges,1,806,10.1404357705949,11.3994915109497,1123.3511650717023,1870.3331998815408,7.324254148831221
w15,28202,28703,501,10,dumbbell_rows,1,501,11.840522491683782,14.085661566703996,1100.8593213857905,1900.1790366251048,9.029615587219606
w15,29663,30192,529,10,dumbbell_rows,1,529,14.978169413720808,15.53179647532382,640.8710619663748,1131.826741097865,12.27994592196425
w15,31062,31572,510,10,dumbbell_rows,1,510,3.713492693445699,5.418795063752868,617.9661473706134,1138.944464792383,2.654450169305816
w15,32862,33788,926,10,situps,1,926,7.312736834867687,11.006693236525452,785.5947412713616,1602.1469970012115,5.607200309202297
w15,34720,35712,992,10,situps,1,992,9.2835407351079,8.918034329175978,1059.7821919038904,1716.4623503007574,7.084326316958907
w15,36637,37612,975,10,situps,1,975,3.894916090933158,9.891684901125702,826.1594286350265,1687.0174865720865,2.5316364908717115
w15,38369,38973,604,10,tricep_extensions,1,604,8.914871672424567,7.780410395574552,316.71586330858645,1044.426636964033,7.616205341313785
w15,41492,42086,594,10,tricep_extensions,1,594,9.163360600148849,11.870451137373053,982.389224166836,1854.627720592002,6.268191472684447
w15,42805,43378,573,10,tricep_extensions,1,573,10.201288257798591,13.175913197930894,995.4817554662392,1639.5278858546135,7.671489176714805
w15,44319,44870,551,10,bicep_curls,1,551,8.369310749553799,9.969484222798858,753.3501013532189,1103.8824965568062,5.6931642977733
w15,45345,45901,556,10,bicep_curls,1,556,7.184603157929563,8.5840701753338,557.98423240713,1123.076335066448,4.620423858710285
w15,46597,47145,548,10,bicep_curls,1,548,1.8799585031305115,2.1312648693170293,97.18394263274514,947.431791740176,1.2987121714828047
w15,47829,48704,875,10,lateral_shoulder_raises,1,875,7.948494447791507,9.427767727294295,590.5062014659684,1513.8124058151986,5.012808368327739
w15,50788,51590,802,10,lateral_shoulder_raises,1,802,8.359322970904499,14.88362167481884,1016.443186037582,1547.0665705660697,5.069247434425136
w15,52328,53058,730,9,lateral_shoulder_raises,1,730,9.416240433355227,14.890131954792144,1007.1371408380236,1738.906676785975,6.229285432016676
w15,56403,56720,317,10,jumping_jacks,1,299,22.080474334571274,29.389943329572347,954.3907572412356,1600.9883595937051,15.861404670898308
w16,3772,4438,666,10,squats,1,666,11.972097580080138,13.893830578062175,1119.591968587428,1340.7480653378675,8.286856473443386
w16,5819,6385,566,10,squats,1,566,13.415537490947417,18.033420525224464,1324.3212487622525,2257.227638343777,7.993802678479218
w16,7413,7950,537,10,squats,1,537,8.252430439532008,13.49210995644193,521.9175341013831,928.65630362514,4.467006084590324
w16,9557,9951,394,10,pushups,1,394,14.355096203284322,16.544954929825245,781.8953199250449,1372.9591458686511,7.764299021924626
w16,11735,12465,730,10,pushups,1,730,16.314508009839344,22.588198464739392,1441.0573474476605,2120.199890089251,9.806620535652195
w16,13696,14306,610,10,pushups,1,610,8.835193512595607,13.300811925877513,834.2499464816311,1163.4810327372002,5.327944644040695
w16,15543,16189,646,10,pushups,1,646,6.262630508765731,8.394806286475687,634.800890632715,1130.323205677738,4.798148769145393
w16,17903,18709,806,10,dumbbell_shoulder_press,1,806,3.77926043508485,3.94860476406811,213.29895987275876,1394.3009000929462,2.769930379227401
w16,19977,20722,745,10,dumbbell_shoulder_press,1,745,3.797418919568353,4.092733621965596,154.16286583722396,1288.6458008312447,2.970244034393425
w16,22128,22869,741,10,dumbbell_shoulder_press,1,741,4.952481518331009,5.560247962881599,382.0194228249903,1281.7175976009692,3.0577079476536
w16,26293,27211,918,10,lunges,1,918,5.561318725324675,7.455976397720294,913.4518574356556,1733.2821361725903,4.121410291216772
w16,28479,29321,842,10,lunges,1,842,20.32815402374343,43.08203747614422,923.6380642452024,1471.4374299690069,13.309395292540438
w16,31545,32488,943,10,lunges,1,943,9.7756317077815,10.514120287453286,1203.332043250486,1733.918135750772,7.2066450619664035
w16,34400,35003,603,12,dumbbell_rows,1,603,8.508053825443156,9.532399725078484,675.2657427173614,1043.6050768713387,5.600825769039747
w16,36338,36920,582,10,dumbbell_rows,1,582,6.8459932522482525,9.21831771641186,606.4501205455258,1075.5289289180914,3.4294710789763814
w16,38449,38977,528,10,dumbbell_rows,1,528,3.385812595572563,5.816125910182926,345.6083654560441,912.7907755887984,2.0040178701593114
w16,45035,45777,742,10,situps,1,742,2.8251996335512257,2.48223865815819,155.4924200964379,1283.449648408538,1.8474571266648288
w16,46903,47600,697,10,situps,1,697,6.721322305614358,7.886168808191219,695.3792892443892,1205.5073620679386,4.95406081217823
w16,49726,50157,431,6,situps,1,431,19.915143187911102,47.23132333885379,1067.59855535043,1522.8098906646962,14.589587314119846
w16,51339,52029,690,10,situps,1,690,6.484211440836986,6.1209426029140745,299.1399889900489,1193.3830064149563,5.297732790839988
w16,54362,55185,823,10,tricep_extensions,1,823,5.366139935099848,5.906723296229724,489.3501094667244,1423.7457638216172,4.073050765444619
w16,56206,56978,772,10,tricep_extensions,1,772,5.197093542645955,6.685119676420031,779.5060572461779,1335.4111726356043,3.5218741121297987
w16,58296,59000,704,10,tricep_extensions,1,704,6.493704922757345,8.94572636323467,897.9950429783474,1546.007048391775,4.853876763208096
w16,60804,61420,616,10,bicep_curls,1,616,7.163422149789145,11.213671081909029,911.676243207909,1559.358287542677,5.313827521154244
w16,63421,64136,715,10,bicep_curls,1,715,8.378499574034231,12.465498545327485,994.7999023295548,1737.2046543063054,5.9173796706148565
w16,66033,66793,760,10,bicep_curls,1,760,4.336204307562318,4.712743194784432,220.5770676213763,1314.6265629447778,3.3565936835978087
w16,67542,68645,1103,10,lateral_shoulder_raises,1,1103,8.691170068318659,10.031232487097498,651.0172657626164,1908.719989940903,6.527451304433448
w16,70267,71193,926,10,lateral_shoulder_raises,1,926,9.1854807045195,10.880717429402274,633.2407227385467,1602.1469970012115,6.843415621024418
w16,73521,74600,1079,10,lateral_shoulder_raises,1,1079,20.25811007785968,29.77717265239972,1063.083988030278,1867.1507705592496,14.155342064423314
w16,76070,76109,39,1,jumping_jacks,1,39,5.670129499069906,4.481875234927407,120.22329788337896,212.6551755406411,3.5072973415388624
w16,76490,76838,348,10,jumping_jacks,1,348,2.8157085465139287,3.1971908573131613,206.27644538747367,601.0216302264005,1.92401896188752
w17,2295,3003,708,11,squats,1,708,11.505262781841116,16.0891784397282,730.5647459076844,1325.618753738239,8.57999611866489
w17,4028,4439,411,7,squats,1,411,5.614447150327522,10.529323608989896,549.4116717482697,912.4337456272784,3.8400043715081327
w17,5285,5934,649,11,squats,1,649,6.353669102839739,8.435653284663958,614.3478921299385,1122.3689233046323,4.187495022538715
w17,6606,7205,599,10,squats,1,599,12.791912196239403,14.896696608295882,1044.3749190299086,1495.10420970878,7.387748522094519
w17,8684,9105,421,10,pushups,1,421,4.134906615382134,7.540696483199476,225.8299237511125,857.7249742568077,2.3917421782843733
w17,10018,10454,436,10,pushups,1,436,7.03567136920193,10.542725128028447,439.6087257061125,757.2469741488612,3.796475789260018
w17,11633,11986,353,9,pushups,1,353,7.697620842971588,9.668739744537383,729.0761470543865,1192.8182464912506,4.82088141787899
w17,12902,13345,443,12,pushups,1,443,11.400226937445945,10.716845201067516,776.2175542880494,1152.9886255336187,7.4210536382130465
w17,15687,16209,522,10,dumbbell_shoulder_press,1,522,6.086507268316745,9.255235398534287,569.3601019900174,1020.434078561466,4.509240344375183
w17,17120,17602,482,10,dumbbell_shoulder_press,1,482,12.663193948173152,12.398453473415769,585.1114120860578,1048.6744867908924,9.501031308068612
w17,18757,19295,538,11,dumbbell_shoulder_press,1,538,13.180748178450337,21.19667272625844,945.0163494811692,1341.1148433429214,9.50834724805845
w17,20035,20803,768,10,lunges,1,768,18.045169484193263,29.61038404536247,738.5764744927677,1328.482969405329,11.86230810425205
w17,21841,22563,722,10,lunges,1,722,9.606132048545485,18.724462836797507,902.531132768197,1404.826851951488,6.946937290371274
w17,24253,25302,1049,14,lunges,1,1049,8.110461167304024,9.809022643126726,758.0537985206842,1815.1892463321835,5.688966394730627
w17,26802,27222,420,10,dumbbell_rows,1,420,4.347733551740575,4.378878204038942,137.50738486066973,725.7292883713595,2.433961558890745
w17,27935,28287,352,10,dumbbell_rows,1,352,10.284392965306646,10.884877260549771,765.8140427227331,1267.9546773269558,7.745326897103461
w17,29634,29989,355,10,dumbbell_rows,1,355,12.18580200142572,15.187123931398675,1082.5548749308143,1672.15934641142,7.875387203433985
w17,31828,31970,142,2,situps,1,142,7.783120664511479,16.911058067441655,144.58987846712995,346.64172733239974,4.679675739042276
w17,32480,33383,903,10,situps,1,903,8.983497437212183,31.66578265355844,424.4738427779854,1562.3098284271273,4.77866066388817
w17,35225,36120,895,10,situps,1,895,5.980872172511992,7.270094512388089,576.202308901155,1548.4534219665763,3.6002280492078205
w17,38653,39528,875,10,situps,1,875,7.930424064896301,8.374786425384382,813.0695404204556,1513.8124058151986,5.943175857967922
w17,40609,41070,461,10,tricep_extensions,1,461,2.5040717189842026,2.4501127955012856,130.34198966856837,796.7433714816835,1.4561649742154112
w17,41760,42300,540,12,tricep_extensions,1,540,7.717651378523187,7.36917181334332,536.1246251049607,947.8871161906204,6.019132641389223
w17,43590,43972,382,10,tricep_extensions,1,382,7.2956956954578205,7.015832852876459,241.7909462466961,659.9113576837423,3.677736569349843
w17,45270,45866,596,10,bicep_curls,1,596,7.420080674924169,7.795263932728337,343.5094737101637,1030.570230503482,4.099351777167542
w17,47995,48584,589,11,bicep_curls,1,589,7.238845354430345,10.590711903654116,849.2884889499086,1667.0778177058833,4.830127826697578
w17,49339,49893,554,10,bicep_curls,1,554,9.371635306798778,10.950084106579531,641.3070044414411,1313.6810124244284,5.743541019882694
w17,51395,52104,709,10,lateral_shoulder_raises,1,709,8.63640859324799,11.347235777079272,601.5840557229066,1226.2919717587652,5.245734343476097
w17,53577,54234,657,10,lateral_shoulder_raises,1,657,1.8650076224440468,2.2221074199221724,146.93701536925568,1136.2253297651837,1.0649453373712796
w17,56524,57161,637,10,lateral_shoulder_raises,1,637,3.3844788748639685,3.8086460414405248,253.5754522420793,1101.584313613806,2.244466500426856
w17,61209,61409,200,6,jumping_jacks,1,200,3.127128587991333,2.7390101252707155,77.51812987698321,344.6781107062065,2.07890874095514
w17,61486,61790,304,10,jumping_jacks,1,304,4.776046532212638,4.889936962288455,220.552529945042,524.8113946933698,3.347128726576756
w18,1785,2500,715,10,squats,1,715,12.006558922580371,14.390434710570617,584.5558621430697,1236.6842766041784,8.5564622385801
w18,3566,4325,759,10,squats,1,759,6.341634390006334,5.918361707066019,364.9101885942047,1312.894512137209,4.013775744988438
w18,7663,8406,743,10,squats,1,743,13.33659474514482,15.622107350182356,1115.8939041124677,1557.4877162973437,8.310677938178143
w18,9629,10111,482,10,pushups,1,482,5.915200058833936,5.282299758369968,240.16513240059192,833.11643844063,3.9027191805041097
w18,13444,13974,530,10,pushups,1,530,2.4244694355386,2.728713160187476,172.05038122133368,916.254877203936,1.5836779052023828
w18,17455,18010,555,10,pushups,1,555,5.709037109196605,5.43628184833502,325.69667083683595,959.556147393158,3.646758755382128
w18,22387,22825,438,9,dumbbell_shoulder_press,1,438,5.032422277940983,6.335398522999481,169.66667211696077,756.9062029075993,3.547786246741922
w18,26753,27263,510,10,dumbbell_shoulder_press,1,510,3.236653267276978,4.170852355530511,172.92872063989225,881.6138610525585,2.238813622149906
w18,29212,29659,447,10,dumbbell_shoulder_press,1,447,14.370800695384728,15.157561370573903,503.4305168550715,772.4946601757192,11.32941789745763
w18,30819,31743,924,10,lunges,1,924,5.734000579513831,7.299810249291791,345.3330397783096,1598.6828953860738,3.7408625837718814
w18,38546,39400,854,10,lunges,1,854,3.9049046227615936,4.267203784790739,257.83449904018653,1477.4393388562523,2.6266587198094418
w18,45218,46080,862,10,lunges,1,862,5.187489216395233,4.692668108715695,407.1414369252077,1491.2957453168033,3.389390247756917
w18,48910,49477,567,10,dumbbell_rows,1,567,5.0151051848028905,4.312477355377597,259.40469883864915,980.3407570839844,3.2396144475759288
w18,56150,56746,596,10,dumbbell_rows,1,596,5.855133010490557,5.597313089742153,359.05809993440874,1030.570230503482,3.649586631346077
w18,61484,62071,587,10,dumbbell_rows,1,587,8.970394750219672,12.220925220775614,1190.2538028327433,1605.9612914821298,5.855199164715513
w18,63671,64648,977,10,situps,1,977,5.524353908779144,4.947913787878817,342.10979502018,1690.481588187224,3.518643342797524
w18,68617,69604,987,10,situps,1,987,6.388839891595739,5.944826460261458,466.3083085492048,1707.802096262913,3.913663606938959
w18,74858,75834,976,10,situps,1,976,9.008611650584388,9.40595421413553,1006.2799018856866,1688.7495373796553,5.884672608960245
w18,77321,77903,582,10,tricep_extensions,1,582,4.971095888381588,6.031586617046442,258.2961516095596,1006.3215191975175,3.2255836138441323
w18,81625,82191,566,10,tricep_extensions,1,566,3.5194874033394488,3.74429459110751,122.34945576987174,978.6087062764155,2.456499064229077
w18,86883,87503,620,11,tricep_extensions,1,620,7.188882490676104,8.473848407913655,855.2493631192687,1449.694607501878,4.548215554861693
w18,88761,89273,512,10,bicep_curls,1,512,5.727815405890138,6.254052397359676,201.29026132562896,885.0779626676963,3.616936775096872
w18,96987,97563,576,10,bicep_curls,1,576,3.592453843055396,4.288453952256207,165.5824350238531,995.9292143521044,2.2606557469752846
w18,102140,102705,565,10,bicep_curls,1,565,10.027172080578763,15.05109098388743,543.5079967849898,976.8766554688468,6.645481442342253
w18,104611,105213,602,10,lateral_shoulder_raises,1,602,3.9669015976628113,4.397546093260973,215.3338776617869,1040.9625353488952,2.688871912339914
w18,111226,111843,617,10,lateral_shoulder_raises,1,617,4.49934147285666,5.284560871728567,187.15570876205297,1066.9432974624283,3.2180965428988157
w18,115230,115820,590,10,lateral_shoulder_raises,1,590,31.07305266902433,40.27179177053467,784.2648057431901,1046.2348960885697,23.15704361960155
w18,117011,117334,323,10,jumping_jacks,1,323,41.65686416402215,42.11749802931651,671.97328777432,909.9391770436516,31.76324305022835
w18,118625,118948,323,10,jumping_jacks,1,323,3.2753507122791023,3.597147382180786,185.9378070453116,557.7203600371785,2.0911809678119213
w19,1014,1510,496,10,squats,1,496,3.691073752105704,3.835370641566517,238.9442263012221,857.3651497465943,2.4513110511089904
w19,2469,2955,486,10,squats,1,486,7.559194526587928,6.459507642711534,282.59911707391336,840.0446416709054,4.894205944336572
w19,3869,4343,474,10,squats,1,474,10.265367156489994,13.675463137499912,976.4648882500456,1379.075392036009,6.782760648994221
w19,5420,6088,668,10,pushups,1,668,6.419370466676273,8.761772556799677,681.8074544438255,1155.2778886484411,3.712113432234711
w19,7845,8730,885,10,pushups,1,885,9.865863750919033,24.847111640196676,901.975903077661,1531.1329138908875,6.226965807399465
w19,11910,12654,744,7,pushups,1,744,9.615245117659924,15.749294659690154,742.6093579406685,1286.913750023676,5.79536463641043
w19,14571,15366,795,10,dumbbell_shoulder_press,1,795,4.9353665405329,5.927583234173391,535.0138906983499,1375.2483412096883,3.4496398356347107
w19,16246,16988,742,10,dumbbell_shoulder_press,1,742,7.713586320288018,8.045365636917552,568.4309830400216,1283.449648408538,5.284509792849778
w19,17778,18635,857,10,dumbbell_shoulder_press,1,857,13.869524251998673,15.439515200946008,1205.8961618240264,1579.1214485182977,9.17973347396448
w19,19930,20954,1024,10,lunges,1,1024,12.388456834925796,17.09640508415197,848.6495156889384,1771.8879761429614,7.601502463297937
w19,21726,22551,825,10,lunges,1,825,12.01956747919864,19.617829036983824,803.826940889215,1427.2098654367549,6.978648291796862
w19,23396,24170,774,10,lunges,1,774,6.587811441036693,7.132774135844631,522.3923092250258,1338.8752742507422,3.793110452400834
w19,25843,26283,440,10,dumbbell_rows,1,440,7.0130707735429,7.032271717534934,348.73633113889514,760.3703045227371,4.874115929660766
w19,26980,27460,480,10,dumbbell_rows,1,480,5.820034134028787,8.183435559823117,432.7250086119863,829.6523368254922,3.4856327459099306
w19,29220,29671,451,10,dumbbell_rows,1,451,12.372477859493545,13.916474073189317,1074.894049217271,1500.3448231817604,8.152258681494192
w19,31640,32443,803,10,situps,1,803,6.185230769840199,10.975719050514286,741.3768507763515,1389.1047476702397,3.5260615566022
w19,33443,34240,797,10,situps,1,797,12.087963732573684,16.52855051816225,729.00101592018,1406.098157776196,8.83994029063211
w19,34859,35658,799,10,situps,1,799,12.081846021841816,14.222603704134656,1150.171767003936,1593.0057319740656,7.846681875154871
w19,37836,38433,597,10,tricep_extensions,1,597,2.2730554232510265,2.4953987057710263,131.51572515255882,1032.3022813110508,1.5586811808263266
w19,40513,41132,619,11,tricep_extensions,1,619,2.620384431746701,2.709655518873139,156.44358526155304,1070.4073990775662,1.7984830399799896
w19,42365,42950,585,11,tricep_extensions,1,585,11.000837957055747,12.713025555474514,1043.5023805267122,1601.1341916126596,7.777290483369929
w19,43830,44509,679,10,bicep_curls,1,679,6.203720710467204,7.358303559518151,705.3831508992963,1174.3304475316988,4.078552531740272
w19,45120,45761,641,10,bicep_curls,1,641,5.23590230629776,5.606931119724938,381.2323852048585,1108.5125168440816,3.435299666013999
w19,48102,48685,583,10,bicep_curls,1,583,5.370376659807663,5.027427167607854,202.65913222355024,1008.0535700050866,3.0940733431536214
w19,49214,49838,624,10,bicep_curls,1,624,7.001157072704842,9.739678999097537,588.2767988452188,1079.0676531154106,4.517997782263834
w20,2178,2976,798,10,squats,1,798,15.257092037327922,14.886858267021925,608.4484353273054,1380.4444936323953,10.6207852857839
w20,4027,4819,792,10,squats,1,792,5.736398146859078,5.028252320873143,317.3765381453905,1370.052188786982,3.590216336119223
w20,6599,7448,849,10,squats,1,849,3.330390609303735,4.8305052597255145,494.4087140342149,1468.779084818408,2.301566614441317
w20,10093,10621,528,10,pushups,1,528,8.825402323479397,9.391579120826888,925.0932517686851,1583.8487976979509,5.709067502959195
w20,12592,13225,633,10,pushups,1,633,3.5040818290798166,3.649277520580102,219.67254064491868,1094.6561103835304,2.551941507504273
w20,15603,16331,728,10,pushups,1,728,2.32289835804986,2.357510296817451,133.2159242112035,1259.2009371025738,1.7703133581145307
w20,20425,21429,1004,10,lunges,1,1004,8.937004543135496,9.435960165139488,827.1652162285254,1737.246959991584,6.282956917807274
w20,22940,23846,906,9,lunges,1,906,3.44153786011621,3.1724880990276705,243.77626863443467,1567.505980849834,2.305614322847907
w20,26392,27375,983,10,lunges,1,983,4.426986798881346,5.291096648359802,500.7774708898122,1700.8738930326374,3.147321804387733
w20,31643,32235,592,10,dumbbell_rows,1,592,8.095630190619637,10.738299075068966,847.2073223426535,1147.207247745018,6.239234071118876
w20,33867,34568,701,10,dumbbell_rows,1,701,5.505914401744676,10.36107860711829,873.8512007121979,1212.4355652982142,4.148761708198592
w20,36462,37081,619,10,dumbbell_rows,1,619,3.5313984242358054,4.204088965143214,377.2876644783405,1070.4073990775662,2.435189155668693
w20,45744,46577,833,10,situps,1,833,4.109017843237373,5.205057951537557,282.690618713759,1441.0662718973058,2.45541904416048
w20,49814,50592,778,10,situps,1,778,3.0509138598922942,4.070194030519732,131.6644827733486,1345.8034774810176,1.628725911320566
w20,53021,53785,764,10,situps,1,764,8.864300595812475,10.241021269212691,912.6815717221664,1541.2828987259672,6.815121664544416
w20,56904,57640,736,10,tricep_extensions,1,736,3.8305093780191033,4.034982808403202,347.3739445378544,1273.0573435631247,2.44873146108431
w20,60225,60934,709,10,tricep_extensions,1,709,6.316882714715038,7.292457504098084,490.86993353889767,1226.2919717587652,4.827295067082038
w20,62285,62960,675,10,tricep_extensions,1,675,2.277664566198085,2.375415446700966,108.97920403172702,1167.4022443014233,1.5580576564389794
w20,67093,67873,780,10,bicep_curls,1,780,6.177326810906567,7.692200046773501,768.4026386276474,1349.2675790961555,4.377450455302212
w20,69715,70503,788,10,bicep_curls,1,788,3.7008436985451327,3.062339860089127,162.30214675660272,1363.1239855567064,2.28618956008758
w20,72723,73508,785,10,bicep_curls,1,785,4.68855716662482,5.030576475174018,378.34642918507376,1357.927833134,3.43365925633756
w20,77008,77909,901,10,lateral_shoulder_raises,1,901,3.391829039137372,3.831622680485837,278.0320748562852,1558.8457268119896,2.4336184966171035
w20,80244,81138,894,10,lateral_shoulder_raises,1,894,3.01112358447341,3.4794071252980165,214.440560132478,1546.7213711590075,2.057081652524414
w20,84763,85691,928,10,lateral_shoulder_raises,1,928,9.860074617175425,11.33658287071138,1174.206126435993,1748.8153765764023,7.44914543096487
w20,89297,89630,333,10,jumping_jacks,1,333,4.381561238294933,4.211784008779461,173.32337839256158,575.0408681128673,2.7296172779197443
w20,91978,92341,363,10,jumping_jacks,1,363,5.1083764331616,4.555997787357342,202.7922552891329,627.0023923399336,3.1307095491705925
